First Last,First,Last,Company,Domain
Bree Johnson,Bree,Johnson,frank body,www.frankbody.com
Tom Hollings,Tom,Hollings,Different Drop Pty Ltd,www.differentdrop.com
Rebecca Scott,Rebecca,Scott,Streat,www.streat.com.au
Jason Gunn,Jason,Gunn,Oliver's Real Food Ltd,www.oliversrealfood.com.au
Billy Voss,Billy,Voss,bassike,www.bassike.com
Mal Hart,Mal,Hart,Hart Marine,www.hartmarine.com.au
Declan Wise,Declan,Wise,Afends,www.afends.com
Richard Ross,Richard,Ross,aussieskier.com,www.aussieskier.com
Stephen Tomisich,Stephen,Tomisich,Trajan Scientific & Medical Pty Ltd.,www.trajanscimed.com
Chris Oh,Chris,Oh,Culture Kings,www.culturekings.com.au
Napoleon Perdis,Napoleon,Perdis,Napoleon Perdis Cosmetics Pty. Ltd.,www.napoleonperdis.com
Kate Mckenzie Mcharg,Kate,Mcharg,776 Bc,www.776bc.com
David Scanlen,David,Scanlen,Storage King Pty Ltd,www.storageking.com.au
Tobi Pearce,Tobi,Pearce,Sweat,www.sweat.com
Lance Peters,Lance,Peters,monsterthreads,www.monsterthreads.com.au
Robert Ely,Robert,Ely,York Jewellers,www.yorkjewellers.com.au
Alexis Caldwell,Alexis,Caldwell,Harris Farm Markets Pty Ltd.,www.harrisfarm.com.au
Rick Barber,Rick,Barber,Trajan Scientific & Medical Pty Ltd.,www.trajanscimed.com
John Harrison,John,Harrison,Ten If's Pty Ltd t/a Footgear,www.footgear.com.au
Melissa Harris,,,Melissa Harris Jewellery,www.melissaharrisjewellery.com
